Latest: Time (s),Latest: Force (N),Latest: Position (m),Latest: Velocity (m/s),Latest: Acceleration (m/s²)
0.002,0.003364953,,,
0.004,-0.002905854,,,
0.006,-0.002905854,,,
0.008,-0.002905854,,,
0.01,-0.002905854,,,
0.012,-0.002905854,,,
0.014,0.003364953,,,
0.016,-0.002905854,,,
0.018,-0.002905854,,,
0.02,-0.002905854,,,
0.022,-0.002905854,,,
0.024,-0.002905854,,,
0.026,-0.002905854,,,
0.028,0.003364953,,,
0.03,-0.002905854,,,
0.032,-0.002905854,,,
0.034,-0.002905854,,,
0.036,0.003364953,,,
0.038,0.003364953,0.086245929,0.005380392,-0.145059592
0.04,0.003364953,,,
0.042,-0.002905854,,,
0.044,-0.002905854,,,
0.046,-0.002905854,,,
0.048,0.003364953,,,
0.05,-0.002905854,,,
0.052,-0.002905854,,,
0.054,-0.002905854,,,
0.056,0.003364953,,,
0.058,0.003364953,,,
0.06,-0.002905854,,,
0.062,0.003364953,,,
0.064,-0.002905854,,,
0.066,-0.002905854,,,
0.068,0.003364953,,,
0.07,0.003364953,,,
0.072,0.003364953,0.086520329,0,-0.096706395
0.074,0.003364953,,,
0.076,0.003364953,,,
0.078,-0.002905854,,,
0.08,-0.002905854,,,
0.082,-0.002905854,,,
0.084,-0.002905854,,,
0.086,0.003364953,,,
0.088,0.003364953,,,
0.09,0.003364953,,,
0.092,0.003364953,,,
0.094,0.003364953,,,
0.096,-0.002905854,,,
0.098,0.003364953,,,
0.1,0.003364953,,,
0.102,0.003364953,,,
0.104,0.003364953,,,
0.106,0.003364953,0.086245929,-0.002690196,-0.004945213
0.108,-0.002905854,,,
0.11,-0.002905854,,,
0.112,-0.002905854,,,
0.114,0.003364953,,,
0.116,0.003364953,,,
0.118,-0.002905854,,,
0.12,-0.002905854,,,
0.122,-0.002905854,,,
0.124,-0.002905854,,,
0.126,-0.002905854,,,
0.128,-0.002905854,,,
0.13,0.003364953,,,
0.132,-0.002905854,,,
0.134,-0.002905854,,,
0.136,-0.002905854,,,
0.138,-0.002905854,,,
0.14,-0.002905854,0.086245929,0,0.067584583
0.142,-0.002905854,,,
0.144,-0.002905854,,,
0.146,0.003364953,,,
0.148,-0.002905854,,,
0.15,-0.002905854,,,
0.152,-0.009176661,,,
0.154,-0.009176661,,,
0.156,-0.002905854,,,
0.158,-0.002905854,,,
0.16,-0.002905854,,,
0.162,-0.002905854,,,
0.164,-0.002905854,,,
0.166,-0.002905854,,,
0.168,-0.002905854,,,
0.17,-0.002905854,,,
0.172,0.003364953,,,
0.174,0.003364953,0.086245929,0.003362745,0.039561707
0.176,0.003364953,,,
0.178,0.003364953,,,
0.18,0.003364953,,,
0.182,-0.002905854,,,
0.184,-0.002905854,,,
0.186,0.003364953,,,
0.188,0.003364953,,,
0.19,0.003364953,,,
0.192,0.003364953,,,
0.194,0.003364953,,,
0.196,-0.002905854,,,
0.198,-0.002905854,,,
0.2,-0.002905854,,,
0.202,-0.002905854,,,
0.204,-0.002905854,,,
0.206,0.003364953,,,
0.208,0.003364953,0.086520329,0.003362745,-0.041210111
0.21,-0.002905854,,,
0.212,-0.002905854,,,
0.214,-0.002905854,,,
0.216,-0.002905854,,,
0.218,-0.002905854,,,
0.22,-0.002905854,,,
0.222,-0.002905854,,,
0.224,0.003364953,,,
0.226,-0.002905854,,,
0.228,-0.002905854,,,
0.23,-0.002905854,,,
0.232,0.003364953,,,
0.234,0.003364953,,,
0.236,-0.002905854,,,
0.238,-0.002905854,,,
0.24,-0.002905854,,,
0.242,-0.002905854,0.086520329,0,-0.080771819
0.244,-0.002905854,,,
0.246,-0.002905854,,,
0.248,-0.002905854,,,
0.25,0.003364953,,,
0.252,-0.002905854,,,
0.254,0.003364953,,,
0.256,-0.002905854,,,
0.258,-0.002905854,,,
0.26,-0.002905854,,,
0.262,-0.002905854,,,
0.264,0.003364953,,,
0.266,-0.002905854,,,
0.268,0.003364953,,,
0.27,0.003364953,,,
0.272,-0.002905854,,,
0.274,0.003364953,,,
0.276,0.003364953,0.086520329,-0.003362745,-0.02967128
0.278,0.003364953,,,
0.28,0.003364953,,,
0.282,0.003364953,,,
0.284,0.003364953,,,
0.286,0.003364953,,,
0.288,0.003364953,,,
0.29,0.003364953,,,
0.292,0.003364953,,,
0.294,0.003364953,,,
0.296,0.003364953,,,
0.298,0.003364953,,,
0.3,0.003364953,,,
0.302,0.003364953,,,
0.304,0.003364953,,,
0.306,0.003364953,,,
0.308,0.00963576,,,
0.31,0.003364953,0.086245929,-0.002690196,0.052748943
0.312,0.003364953,,,
0.314,-0.002905854,,,
0.316,0.003364953,,,
0.318,-0.002905854,,,
0.32,0.003364953,,,
0.322,0.003364953,,,
0.324,0.003364953,,,
0.326,0.003364953,,,
0.328,-0.002905854,,,
0.33,-0.002905854,,,
0.332,0.003364953,,,
0.334,-0.002905854,,,
0.336,-0.002905854,,,
0.338,-0.002905854,,,
0.34,0.003364953,,,
0.342,0.003364953,,,
0.344,-0.002905854,0.086245929,0.002017647,0.028022876
0.346,-0.002905854,,,
0.348,-0.002905854,,,
0.35,-0.002905854,,,
0.352,-0.002905854,,,
0.354,-0.002905854,,,
0.356,-0.002905854,,,
0.358,0.003364953,,,
0.36,-0.002905854,,,
0.362,-0.002905854,,,
0.364,-0.002905854,,,
0.366,-0.002905854,,,
0.368,-0.002905854,,,
0.37,-0.002905854,,,
0.372,-0.002905854,,,
0.374,-0.002905854,,,
0.376,0.003364953,,,
0.378,-0.002905854,0.086520329,0,-0.039561707
0.38,-0.002905854,,,
0.382,-0.002905854,,,
0.384,0.003364953,,,
0.386,-0.002905854,,,
0.388,-0.002905854,,,
0.39,0.003364953,,,
0.392,-0.002905854,,,
0.394,-0.002905854,,,
0.396,0.003364953,,,
0.398,-0.002905854,,,
0.4,0.003364953,,,
0.402,0.003364953,,,
0.404,-0.002905854,,,
0.406,0.003364953,,,
0.408,-0.002905854,,,
0.41,0.003364953,,,
0.412,0.003364953,0.086245929,-0.002690196,0.001648404
0.414,0.003364953,,,
0.416,-0.002905854,,,
0.418,-0.002905854,,,
0.42,-0.002905854,,,
0.422,-0.002905854,,,
0.424,-0.002905854,,,
0.426,-0.002905854,,,
0.428,0.003364953,,,
0.43,-0.002905854,,,
0.432,0.003364953,,,
0.434,-0.002905854,,,
0.436,-0.002905854,,,
0.438,-0.002905854,,,
0.44,-0.002905854,,,
0.442,-0.002905854,,,
0.444,0.003364953,,,
0.446,0.003364953,0.086245929,0,0.041210111
0.448,-0.002905854,,,
0.45,-0.002905854,,,
0.452,-0.002905854,,,
0.454,-0.002905854,,,
0.456,-0.002905854,,,
0.458,0.003364953,,,
0.46,-0.002905854,,,
0.462,-0.002905854,,,
0.464,-0.002905854,,,
0.466,-0.002905854,,,
0.468,-0.002905854,,,
0.47,-0.002905854,,,
0.472,0.003364953,,,
0.474,-0.002905854,,,
0.476,-0.002905854,,,
0.478,0.003364953,,,
0.48,-0.002905854,0.086245929,0.002690196,-0.126927143
0.482,-0.002905854,,,
0.484,-0.002905854,,,
0.486,-0.002905854,,,
0.488,-0.002905854,,,
0.49,-0.002905854,,,
0.492,-0.002905854,,,
0.494,-0.002905854,,,
0.496,-0.002905854,,,
0.498,-0.002905854,,,
0.5,0.003364953,,,
0.502,-0.002905854,,,
0.504,-0.002905854,,,
0.506,-0.002905854,,,
0.508,-0.002905854,,,
0.51,-0.002905854,,,
0.512,0.003364953,,,
0.514,0.003364953,0.086520329,-0.004707843,-0.578589965
0.516,0.003364953,,,
0.518,-0.002905854,,,
0.52,-0.002905854,,,
0.522,-0.002905854,,,
0.524,-0.002905854,,,
0.526,-0.002905854,,,
0.528,-0.002905854,,,
0.53,0.003364953,,,
0.532,-0.002905854,,,
0.534,0.003364953,,,
0.536,0.003364953,,,
0.538,0.003364953,,,
0.54,0.003364953,,,
0.542,0.003364953,,,
0.544,0.003364953,,,
0.546,0.003364953,,,
0.548,0.003364953,0.086245929,-0.035645098,-1.06816609
0.55,0.003364953,,,
0.552,-0.002905854,,,
0.554,-0.002905854,,,
0.556,-0.002905854,,,
0.558,0.003364953,,,
0.56,-0.002905854,,,
0.562,-0.002905854,,,
0.564,-0.002905854,,,
0.566,-0.002905854,,,
0.568,-0.002905854,,,
0.57,-0.002905854,,,
0.572,0.003364953,,,
0.574,0.003364953,,,
0.576,0.003364953,,,
0.578,-0.002905854,,,
0.58,0.003364953,,,
0.582,-0.002905854,0.084325129,-0.082723529,-1.172015571
0.584,0.003364953,,,
0.586,-0.002905854,,,
0.588,-0.002905854,,,
0.59,0.003364953,,,
0.592,0.003364953,,,
0.594,0.003364953,,,
0.596,0.003364953,,,
0.598,-0.002905854,,,
0.6,-0.002905854,,,
0.602,0.003364953,,,
0.604,0.003364953,,,
0.606,-0.002905854,,,
0.608,-0.002905854,,,
0.61,-0.002905854,,,
0.612,-0.002905854,,,
0.614,0.003364953,,,
0.616,0.003364953,0.080483529,-0.121058824,-0.875302768
0.618,0.003364953,,,
0.62,0.003364953,,,
0.622,0.003364953,,,
0.624,0.003364953,,,
0.626,0.003364953,,,
0.628,-0.002905854,,,
0.63,-0.002905854,,,
0.632,0.003364953,,,
0.634,0.003364953,,,
0.636,0.003364953,,,
0.638,0.003364953,,,
0.64,-0.002905854,,,
0.642,-0.002905854,,,
0.644,-0.002905854,,,
0.646,-0.002905854,,,
0.648,0.003364953,,,
0.65,0.003364953,0.075818729,-0.141235294,-0.616503268
0.652,-0.002905854,,,
0.654,-0.002905854,,,
0.656,-0.002905854,,,
0.658,-0.002905854,,,
0.66,-0.002905854,,,
0.662,-0.002905854,,,
0.664,-0.002905854,,,
0.666,0.003364953,,,
0.668,-0.002905854,,,
0.67,-0.002905854,,,
0.672,-0.002905854,,,
0.674,-0.002905854,,,
0.676,-0.002905854,,,
0.678,-0.002905854,,,
0.68,-0.002905854,,,
0.682,0.003364953,,,
0.684,0.003364953,0.070879529,-0.158721569,-0.657713379
0.686,-0.002905854,,,
0.688,-0.002905854,,,
0.69,-0.002905854,,,
0.692,-0.002905854,,,
0.694,0.003364953,,,
0.696,0.003364953,,,
0.698,-0.002905854,,,
0.7,-0.002905854,,,
0.702,-0.002905854,,,
0.704,-0.002905854,,,
0.706,-0.002905854,,,
0.708,0.003364953,,,
0.71,0.003364953,,,
0.712,0.003364953,,,
0.714,0.003364953,,,
0.716,0.003364953,,,
0.718,0.003364953,0.065117129,-0.183605882,-0.911567666
0.72,0.003364953,,,
0.722,0.003364953,,,
0.724,0.003364953,,,
0.726,0.003364953,,,
0.728,0.003364953,,,
0.73,0.003364953,,,
0.732,-0.002905854,,,
0.734,-0.002905854,,,
0.736,0.003364953,,,
0.738,-0.002905854,,,
0.74,0.003364953,,,
0.742,0.003364953,,,
0.744,0.003364953,,,
0.746,0.003364953,,,
0.748,-0.002905854,,,
0.75,0.003364953,,,
0.752,0.003364953,0.058531529,-0.219923529,-1.24520965
0.754,0.003364953,,,
0.756,0.003364953,,,
0.758,0.003364953,,,
0.76,0.003364953,,,
0.762,0.003364953,,,
0.764,-0.002905854,,,
0.766,0.003364953,,,
0.768,0.003364953,,,
0.77,0.003364953,,,
0.772,0.003364953,,,
0.774,-0.002905854,,,
0.776,0.003364953,,,
0.778,0.003364953,,,
0.78,0.003364953,,,
0.782,0.003364953,,,
0.784,0.003364953,,,
0.786,0.003364953,0.050299529,-0.268347059,-1.562503278
0.788,0.003364953,,,
0.79,0.003364953,,,
0.792,0.003364953,,,
0.794,-0.002905854,,,
0.796,-0.002905854,,,
0.798,0.003364953,,,
0.8,0.003364953,,,
0.802,0.003364953,,,
0.804,0.003364953,,,
0.806,0.003364953,,,
0.808,-0.002905854,,,
0.81,-0.002905854,,,
0.812,-0.002905854,,,
0.814,-0.002905854,,,
0.816,-0.002905854,,,
0.818,0.003364953,,,
0.82,-0.002905854,0.040421129,-0.3278024,-1.706746474
0.822,-0.002905854,,,
0.824,-0.002905854,,,
0.826,-0.002905854,,,
0.828,0.003364953,,,
0.83,0.003364953,,,
0.832,0.003364953,,,
0.834,0.003364953,,,
0.836,0.003364953,,,
0.838,0.003364953,,,
0.84,0.003364953,,,
0.842,0.003364953,,,
0.844,0.003364953,,,
0.846,0.003364953,,,
0.848,0.003364953,,,
0.85,0.003364953,,,
0.852,0.003364953,,,
0.854,0.003364953,0.028073129,-0.389591738,-1.451059882
0.856,0.003364953,,,
0.858,0.00963576,,,
0.86,0.003364953,,,
0.862,0.003364953,,,
0.864,-0.002905854,,,
0.866,-0.002905854,,,
0.868,-0.002905854,,,
0.87,-0.002905854,,,
0.872,-0.002905854,,,
0.874,0.003364953,,,
0.876,0.003364953,,,
0.878,0.003364953,,,
0.88,-0.002905854,,,
0.882,-0.002905854,,,
0.884,-0.002905854,,,
0.886,0.003364953,0.014353129,-0.428188934,-0.863863573
0.888,0.003364953,,,
0.89,0.003364953,,,
0.892,0.003364953,,,
0.894,-0.002905854,,,
0.896,0.003364953,,,
0.898,-0.002905854,,,
0.9,0.003364953,,,
0.902,0.003364953,,,
0.904,0.003364953,,,
0.906,0.003364953,,,
0.908,0.003364953,,,
0.91,0.003364953,,,
0.912,0.003364953,,,
0.914,-0.002905854,,,
0.916,0.003364953,,,
0.918,0.003364953,,,
0.92,0.00963576,-0.000464471,-0.444042962,-0.416253723
0.922,-0.002905854,,,
0.924,-0.002905854,,,
0.926,-0.002905854,,,
0.928,-0.002905854,,,
0.93,-0.002905854,,,
0.932,-0.002905854,,,
0.934,-0.002905854,,,
0.936,-0.002905854,,,
0.938,-0.009176661,,,
0.94,-0.002905854,,,
0.942,-0.009176661,,,
0.944,-0.002905854,,,
0.946,-0.002905854,,,
0.948,-0.002905854,,,
0.95,0.003364953,,,
0.952,-0.002905854,,,
0.954,0.003364953,-0.015830871,-0.453970588,-0.180300855
0.956,0.003364953,,,
0.958,-0.002905854,,,
0.96,-0.002905854,,,
0.962,-0.002905854,,,
0.964,0.003364953,,,
0.966,0.003364953,,,
0.968,-0.002905854,,,
0.97,0.003364953,,,
0.972,-0.002905854,,,
0.974,-0.002905854,,,
0.976,-0.002905854,,,
0.978,-0.002905854,,,
0.98,0.003364953,,,
0.982,0.003364953,,,
0.984,-0.002905854,,,
0.986,-0.002905854,,,
0.988,0.003364953,-0.031471671,-0.455315686,-0.093565405
0.99,0.003364953,,,
0.992,-0.002905854,,,
0.994,0.003364953,,,
0.996,-0.002905854,,,
0.998,-0.002905854,,,
1,-0.002905854,,,
1.002,-0.002905854,,,
1.004,-0.002905854,,,
1.006,-0.002905854,,,
1.008,0.003364953,,,
1.01,-0.002905854,,,
1.012,-0.002905854,,,
1.014,-0.002905854,,,
1.016,-0.002905854,,,
1.018,-0.002905854,,,
1.02,0.003364953,,,
1.022,0.003364953,-0.046838071,-0.456660784,-0.196160131
1.024,0.003364953,,,
1.026,0.003364953,,,
1.028,-0.002905854,,,
1.03,0.003364953,,,
1.032,-0.002905854,,,
1.034,-0.002905854,,,
1.036,-0.002905854,,,
1.038,0.003364953,,,
1.04,-0.002905854,,,
1.042,-0.002905854,,,
1.044,-0.002905854,,,
1.046,-0.002905854,,,
1.048,0.003364953,,,
1.05,0.003364953,,,
1.052,0.003364953,,,
1.054,0.003364953,,,
1.056,0.003364953,-0.062204471,-0.471456863,-0.108794694
1.058,0.003364953,,,
1.06,0.003364953,,,
1.062,-0.002905854,,,
1.064,-0.002905854,,,
1.066,0.003364953,,,
1.068,0.003364953,,,
1.07,0.003364953,,,
1.072,0.003364953,,,
1.074,0.003364953,,,
1.076,-0.002905854,,,
1.078,-0.002905854,,,
1.08,-0.002905854,,,
1.082,-0.002905854,,,
1.084,-0.002905854,,,
1.086,-0.002905854,,,
1.088,-0.002905854,,,
1.09,-0.002905854,-0.079217271,-0.469439216,0.324735679
1.092,-0.002905854,,,
1.094,-0.002905854,,,
1.096,-0.002905854,,,
1.098,-0.002905854,,,
1.1,0.003364953,,,
1.102,-0.002905854,,,
1.104,-0.002905854,,,
1.106,-0.002905854,,,
1.108,-0.002905854,,,
1.11,-0.002905854,,,
1.112,-0.002905854,,,
1.114,-0.002905854,,,
1.116,-0.002905854,,,
1.118,-0.002905854,,,
1.12,-0.002905854,,,
1.122,-0.002905854,,,
1.124,-0.002905854,-0.094309271,-0.448590196,0.690681469
1.126,-0.002905854,,,
1.128,-0.002905854,,,
1.13,-0.002905854,,,
1.132,-0.002905854,,,
1.134,-0.002905854,,,
1.136,-0.002905854,,,
1.138,-0.002905854,,,
1.14,-0.002905854,,,
1.142,0.003364953,,,
1.144,0.003364953,,,
1.146,0.003364953,,,
1.148,0.003364953,,,
1.15,0.003364953,,,
1.152,-0.002905854,,,
1.154,0.003364953,,,
1.156,0.003364953,,,
1.158,0.003364953,-0.109950071,-0.415635294,0.525841023
1.16,0.003364953,,,
1.162,0.003364953,,,
1.164,-0.002905854,,,
1.166,-0.002905854,,,
1.168,0.003364953,,,
1.17,0.003364953,,,
1.172,-0.002905854,,,
1.174,-0.002905854,,,
1.176,-0.002905854,,,
1.178,-0.002905854,,,
1.18,-0.002905854,,,
1.182,-0.002905854,,,
1.184,0.003364953,,,
1.186,0.003364953,,,
1.188,0.003364953,,,
1.19,-0.002905854,,,
1.192,0.003364953,-0.122298071,-0.40487451,-0.117036717
1.194,-0.002905854,,,
1.196,0.003364953,,,
1.198,0.003364953,,,
1.2,-0.002905854,,,
1.202,-0.002905854,,,
1.204,-0.002905854,,,
1.206,-0.002905854,,,
1.208,-0.002905854,,,
1.21,-0.002905854,,,
1.212,-0.002905854,,,
1.214,-0.002905854,,,
1.216,0.003364953,,,
1.218,0.003364953,,,
1.22,0.003364953,,,
1.222,0.003364953,,,
1.224,0.003364953,,,
1.226,0.003364953,-0.136841271,-0.429758824,-0.41045271
1.228,0.003364953,,,
1.23,0.003364953,,,
1.232,0.003364953,,,
1.234,0.003364953,,,
1.236,-0.002905854,,,
1.238,-0.002905854,,,
1.24,-0.002905854,,,
1.242,-0.002905854,,,
1.244,-0.002905854,,,
1.246,-0.002905854,,,
1.248,-0.002905854,,,
1.25,-0.002905854,,,
1.252,-0.002905854,,,
1.254,-0.002905854,,,
1.256,-0.002905854,,,
1.258,-0.002905854,,,
1.26,0.003364953,-0.151933271,-0.439847059,-0.225831411
1.262,0.003364953,,,
1.264,0.003364953,,,
1.266,-0.002905854,,,
1.268,-0.002905854,,,
1.27,-0.002905854,,,
1.272,0.003364953,,,
1.274,0.003364953,,,
1.276,0.003364953,,,
1.278,0.003364953,,,
1.28,0.003364953,,,
1.282,0.003364953,,,
1.284,0.003364953,,,
1.286,-0.002905854,,,
1.288,0.003364953,,,
1.29,0.003364953,,,
1.292,0.003364953,,,
1.294,0.003364953,-0.166750871,-0.443209804,-0.060990965
1.296,0.003364953,,,
1.298,-0.002905854,,,
1.3,-0.002905854,,,
1.302,0.003364953,,,
1.304,0.003364953,,,
1.306,0.003364953,,,
1.308,-0.002905854,,,
1.31,-0.002905854,,,
1.312,-0.002905854,,,
1.314,-0.002905854,,,
1.316,-0.002905854,,,
1.318,0.003364953,,,
1.32,0.003364953,,,
1.322,0.003364953,,,
1.324,0.003364953,,,
1.326,-0.002905854,,,
1.328,0.003364953,-0.182117271,-0.443209804,0.013187236
1.33,-0.002905854,,,
1.332,-0.002905854,,,
1.334,-0.002905854,,,
1.336,-0.002905854,,,
1.338,-0.002905854,,,
1.34,0.003364953,,,
1.342,-0.002905854,,,
1.344,-0.002905854,,,
1.346,0.003364953,,,
1.348,-0.002905854,,,
1.35,0.003364953,,,
1.352,0.003364953,,,
1.354,-0.002905854,,,
1.356,-0.002905854,,,
1.358,-0.002905854,,,
1.36,-0.002905854,,,
1.362,0.003364953,-0.196934871,-0.441192157,0.023077662
1.364,0.003364953,,,
1.366,0.003364953,,,
1.368,-0.002905854,,,
1.37,-0.002905854,,,
1.372,-0.002905854,,,
1.374,-0.002905854,,,
1.376,-0.002905854,,,
1.378,0.003364953,,,
1.38,0.003364953,,,
1.382,0.003364953,,,
1.384,-0.002905854,,,
1.386,0.003364953,,,
1.388,0.003364953,,,
1.39,0.003364953,,,
1.392,0.003364953,,,
1.394,0.003364953,,,
1.396,0.003364953,-0.212026871,-0.442537255,0.125278739
1.398,-0.002905854,,,
1.4,-0.002905854,,,
1.402,-0.002905854,,,
1.404,-0.002905854,,,
1.406,0.003364953,,,
1.408,-0.002905854,,,
1.41,0.003364953,,,
1.412,-0.002905854,,,
1.414,-0.002905854,,,
1.416,-0.002905854,,,
1.418,-0.002905854,,,
1.42,-0.002905854,,,
1.422,-0.002905854,,,
1.424,-0.002905854,,,
1.426,-0.009176661,,,
1.428,-0.009176661,,,
1.43,-0.002905854,-0.227118871,-0.436484314,0.501114956
1.432,-0.009176661,,,
1.434,-0.009176661,,,
1.436,-0.009176661,,,
1.438,-0.015447469,,,
1.44,-0.015447469,,,
1.442,-0.015447469,,,
1.444,-0.021718276,,,
1.446,-0.027989083,,,
1.448,-0.027989083,,,
1.45,-0.03425989,,,
1.452,-0.040530697,,,
1.454,-0.046801504,,,
1.456,-0.059343118,,,
1.458,-0.071884732,,,
1.46,-0.084426347,,,
1.462,-0.103238768,,,
1.464,-0.122051189,-0.241936471,-0.410927451,1.08300173
1.466,-0.140863611,,,
1.468,-0.159676032,,,
1.47,-0.191030067,,,
1.472,-0.222384103,,,
1.474,-0.253738138,,,
1.476,-0.291362981,,,
1.478,-0.328987823,,,
1.48,-0.366612666,,,
1.482,-0.404237509,,,
1.484,-0.454403965,,,
1.486,-0.498299615,,,
1.488,-0.548466072,,,
1.49,-0.598632529,,,
1.492,-0.648798985,,,
1.494,-0.692694635,,,
1.496,-0.749131899,,,
1.498,-0.799298356,-0.255382071,-0.363176471,1.836322568
1.5,-0.85573562,,,
1.502,-0.912172884,,,
1.504,-0.956068533,,,
1.506,-1.00623499,,,
1.508,-1.05013064,,,
1.51,-1.094026289,,,
1.512,-1.137921939,,,
1.514,-1.181817589,,,
1.516,-1.231984046,,,
1.518,-1.275879695,,,
1.52,-1.326046152,,,
1.522,-1.369941802,,,
1.524,-1.407566644,,,
1.526,-1.445191487,,,
1.528,-1.482816329,,,
1.53,-1.520441172,,,
1.532,-1.551795208,-0.266632471,-0.293903922,3.024822184
1.534,-1.583149243,,,
1.536,-1.620774086,,,
1.538,-1.658398928,,,
1.54,-1.689752964,,,
1.542,-1.727377806,,,
1.544,-1.758731842,,,
1.546,-1.790085877,,,
1.548,-1.815169106,,,
1.55,-1.840252334,,,
1.552,-1.865335562,,,
1.554,-1.890418791,,,
1.556,-1.915502019,,,
1.558,-1.934314441,,,
1.56,-1.959397669,,,
1.562,-1.984480897,,,
1.564,-2.009564126,,,
1.566,-2.028376547,-0.276510871,-0.155358824,3.910015379
1.568,-2.047188968,,,
1.57,-2.06600139,,,
1.572,-2.078543004,,,
1.574,-2.097355425,,,
1.576,-2.116167846,,,
1.578,-2.128709461,,,
1.58,-2.147521882,,,
1.582,-2.160063496,,,
1.584,-2.17260511,,,
1.586,-2.185146724,,,
1.588,-2.197688339,,,
1.59,-2.210229953,,,
1.592,-2.21650076,,,
1.594,-2.229042374,,,
1.596,-2.229042374,,,
1.598,-2.241583988,,,
1.6,-2.247854795,-0.277334071,-0.008070588,3.633083429
1.602,-2.254125603,,,
1.604,-2.26039641,,,
1.606,-2.272938024,,,
1.608,-2.272938024,,,
1.61,-2.279208831,,,
1.612,-2.279208831,,,
1.614,-2.279208831,,,
1.616,-2.272938024,,,
1.618,-2.272938024,,,
1.62,-2.279208831,,,
1.622,-2.279208831,,,
1.624,-2.279208831,,,
1.626,-2.279208831,,,
1.628,-2.279208831,,,
1.63,-2.266667217,,,
1.632,-2.26039641,,,
1.634,-2.254125603,-0.275962071,0.088776471,3.293512111
1.636,-2.247854795,,,
1.638,-2.241583988,,,
1.64,-2.235313181,,,
1.642,-2.229042374,,,
1.644,-2.21650076,,,
1.646,-2.210229953,,,
1.648,-2.203959146,,,
1.65,-2.191417532,,,
1.652,-2.17260511,,,
1.654,-2.160063496,,,
1.656,-2.147521882,,,
1.658,-2.128709461,,,
1.66,-2.109897039,,,
1.662,-2.097355425,,,
1.664,-2.084813811,,,
1.666,-2.06600139,,,
1.668,-2.053459775,-0.272120471,0.211852941,3.018228566
1.67,-2.028376547,,,
1.672,-2.009564126,,,
1.674,-1.990751704,,,
1.676,-1.965668476,,,
1.678,-1.946856055,,,
1.68,-1.921772826,,,
1.682,-1.896689598,,,
1.684,-1.87160637,,,
1.686,-1.852793948,,,
1.688,-1.821439913,,,
1.69,-1.790085877,,,
1.692,-1.765002649,,,
1.694,-1.733648613,,,
1.696,-1.708565385,,,
1.698,-1.67721135,,,
1.7,-1.639586507,,,
1.702,-1.608232471,-0.261144471,0.3087,1.963249712
1.704,-1.576878436,,,
1.706,-1.5455244,,,
1.708,-1.514170365,,,
1.71,-1.476545522,,,
1.712,-1.43892068,,,
1.714,-1.407566644,,,
1.716,-1.363670995,,,
1.718,-1.319775345,,,
1.72,-1.282150502,,,
1.722,-1.238254853,,,
1.724,-1.20063001,,,
1.726,-1.15673436,,,
1.728,-1.112838711,,,
1.73,-1.062672254,,,
1.732,-1.018776604,,,
1.734,-0.968610147,,,
1.736,-0.918443691,-0.250168471,0.343672549,0.896732026
1.738,-0.874548041,,,
1.74,-0.830652391,,,
1.742,-0.786756742,,,
1.744,-0.742861092,,,
1.746,-0.686423828,,,
1.748,-0.642528178,,,
1.75,-0.592361722,,,
1.752,-0.548466072,,,
1.754,-0.504570422,,,
1.756,-0.460674773,,,
1.758,-0.42304993,,,
1.76,-0.385425087,,,
1.762,-0.347800245,,,
1.764,-0.316446209,,,
1.766,-0.285092174,,,
1.768,-0.260008945,,,
1.77,-0.22865491,-0.237820471,0.362503922,0.300009612
1.772,-0.209842489,,,
1.774,-0.191030067,,,
1.776,-0.172217646,,,
1.778,-0.153405225,,,
1.78,-0.140863611,,,
1.782,-0.128321996,,,
1.784,-0.109509575,,,
1.786,-0.096967961,,,
1.788,-0.090697154,,,
1.79,-0.084426347,,,
1.792,-0.071884732,,,
1.794,-0.059343118,,,
1.796,-0.059343118,,,
1.798,-0.053072311,,,
1.8,-0.053072311,,,
1.802,-0.046801504,,,
1.804,-0.040530697,-0.225198071,0.362503922,-0.046155325
1.806,-0.03425989,,,
1.808,-0.03425989,,,
1.81,-0.03425989,,,
1.812,-0.027989083,,,
1.814,-0.027989083,,,
1.816,-0.027989083,,,
1.818,-0.027989083,,,
1.82,-0.021718276,,,
1.822,-0.015447469,,,
1.824,-0.021718276,,,
1.826,-0.015447469,,,
1.828,-0.021718276,,,
1.83,-0.015447469,,,
1.832,-0.015447469,,,
1.834,-0.015447469,,,
1.836,-0.015447469,,,
1.838,-0.009176661,-0.213124471,0.355778431,-0.133520761
1.84,-0.009176661,,,
1.842,-0.015447469,,,
1.844,-0.015447469,,,
1.846,-0.009176661,,,
1.848,-0.009176661,,,
1.85,-0.009176661,,,
1.852,-0.009176661,,,
1.854,-0.009176661,,,
1.856,-0.009176661,,,
1.858,-0.009176661,,,
1.86,-0.009176661,,,
1.862,-0.009176661,,,
1.864,-0.009176661,,,
1.866,-0.002905854,,,
1.868,-0.009176661,,,
1.87,-0.002905854,,,
1.872,-0.002905854,-0.201050871,0.351743137,-0.075826605
1.874,-0.002905854,,,
1.876,-0.009176661,,,
1.878,-0.009176661,,,
1.88,-0.002905854,,,
1.882,-0.009176661,,,
1.884,-0.009176661,,,
1.886,-0.002905854,,,
1.888,-0.009176661,,,
1.89,-0.009176661,,,
1.892,-0.009176661,,,
1.894,-0.009176661,,,
1.896,-0.009176661,,,
1.898,-0.009176661,,,
1.9,-0.009176661,,,
1.902,-0.009176661,,,
1.904,-0.009176661,,,
1.906,-0.009176661,-0.189251671,0.351070588,-0.036264898
1.908,-0.009176661,,,
1.91,-0.002905854,,,
1.912,-0.002905854,,,
1.914,-0.002905854,,,
1.916,-0.009176661,,,
1.918,-0.009176661,,,
1.92,-0.002905854,,,
1.922,-0.002905854,,,
1.924,-0.002905854,,,
1.926,-0.002905854,,,
1.928,-0.002905854,,,
1.93,-0.009176661,,,
1.932,-0.002905854,,,
1.934,-0.009176661,,,
1.936,-0.002905854,,,
1.938,-0.009176661,,,
1.94,-0.002905854,-0.177178071,0.350398039,-0.07747501
1.942,-0.002905854,,,
1.944,-0.009176661,,,
1.946,-0.009176661,,,
1.948,-0.009176661,,,
1.95,-0.009176661,,,
1.952,-0.002905854,,,
1.954,-0.002905854,,,
1.956,-0.009176661,,,
1.958,-0.002905854,,,
1.96,-0.002905854,,,
1.962,-0.002905854,,,
1.964,-0.002905854,,,
1.966,-0.002905854,,,
1.968,-0.002905854,,,
1.97,-0.009176661,,,
1.972,-0.002905854,,,
1.974,-0.002905854,-0.165378871,0.346362745,-0.158246828
1.976,-0.009176661,,,
1.978,-0.009176661,,,
1.98,-0.009176661,,,
1.982,-0.002905854,,,
1.984,-0.009176661,,,
1.986,-0.009176661,,,
1.988,-0.009176661,,,
1.99,-0.009176661,,,
1.992,-0.009176661,,,
1.994,-0.009176661,,,
1.996,-0.002905854,,,
1.998,-0.002905854,,,
2,-0.009176661,,,
2.002,-0.009176661,,,
2.004,-0.002905854,,,
2.006,-0.002905854,,,
2.008,0.003364953,-0.153579671,0.338964706,-0.201105344
2.01,-0.002905854,,,
2.012,-0.002905854,,,
2.014,-0.009176661,,,
2.016,-0.009176661,,,
2.018,-0.009176661,,,
2.02,-0.009176661,,,
2.022,-0.002905854,,,
2.024,-0.002905854,,,
2.026,-0.002905854,,,
2.028,-0.002905854,,,
2.03,-0.009176661,,,
2.032,-0.002905854,,,
2.034,-0.009176661,,,
2.036,-0.009176661,,,
2.038,-0.002905854,,,
2.04,-0.002905854,,,
2.042,-0.002905854,-0.142329271,0.332239216,-0.252205882
2.044,-0.009176661,,,
2.046,-0.009176661,,,
2.048,-0.002905854,,,
2.05,-0.009176661,,,
2.052,-0.009176661,,,
2.054,-0.009176661,,,
2.056,-0.009176661,,,
2.058,-0.009176661,,,
2.06,-0.009176661,,,
2.062,-0.002905854,,,
2.064,-0.009176661,,,
2.066,-0.009176661,,,
2.068,-0.009176661,,,
2.07,-0.002905854,,,
2.072,-0.002905854,,,
2.074,-0.002905854,,,
2.076,-0.002905854,-0.131078871,0.324841176,-0.418694733
2.078,-0.009176661,,,
2.08,-0.009176661,,,
2.082,-0.009176661,,,
2.084,-0.009176661,,,
2.086,-0.009176661,,,
2.088,-0.009176661,,,
2.09,-0.002905854,,,
2.092,-0.009176661,,,
2.094,-0.009176661,,,
2.096,-0.009176661,,,
2.098,-0.009176661,,,
2.1,-0.009176661,,,
2.102,-0.009176661,,,
2.104,-0.009176661,,,
2.106,-0.002905854,,,
2.108,-0.009176661,,,
2.11,-0.002905854,-0.119828471,0.299956863,-0.298361207
2.112,-0.002905854,,,
2.114,-0.002905854,,,
2.116,-0.002905854,,,
2.118,-0.002905854,,,
2.12,-0.009176661,,,
2.122,-0.002905854,,,
2.124,-0.002905854,,,
2.126,-0.009176661,,,
2.128,-0.002905854,,,
2.13,-0.002905854,,,
2.132,-0.009176661,,,
2.134,-0.009176661,,,
2.136,-0.002905854,,,
2.138,-0.009176661,,,
2.14,-0.009176661,,,
2.142,-0.009176661,,,
2.144,0.003364953,-0.111047671,0.297266667,0.220886198
2.146,-0.002905854,,,
2.148,-0.002905854,,,
2.15,-0.009176661,,,
2.152,-0.009176661,,,
2.154,-0.009176661,,,
2.156,-0.009176661,,,
2.158,-0.009176661,,,
2.16,-0.009176661,,,
2.162,-0.009176661,,,
2.164,-0.009176661,,,
2.166,-0.009176661,,,
2.168,-0.009176661,,,
2.17,-0.009176661,,,
2.172,-0.002905854,,,
2.174,-0.009176661,,,
2.176,-0.009176661,,,
2.178,-0.002905854,-0.100071671,0.320805882,0.45825644
2.18,-0.009176661,,,
2.182,-0.009176661,,,
2.184,-0.009176661,,,
2.186,-0.009176661,,,
2.188,-0.009176661,,,
2.19,-0.009176661,,,
2.192,-0.009176661,,,
2.194,-0.009176661,,,
2.196,-0.009176661,,,
2.198,-0.009176661,,,
2.2,-0.009176661,,,
2.202,-0.009176661,,,
2.204,-0.002905854,,,
2.206,-0.009176661,,,
2.208,-0.009176661,,,
2.21,-0.009176661,,,
2.212,-0.009176661,-0.088821271,0.331566667,0.402210688
2.214,-0.009176661,,,
2.216,-0.009176661,,,
2.218,-0.009176661,,,
2.22,-0.009176661,,,
2.222,-0.009176661,,,
2.224,-0.009176661,,,
2.226,-0.009176661,,,
2.228,-0.009176661,,,
2.23,-0.009176661,,,
2.232,-0.009176661,,,
2.234,-0.002905854,,,
2.236,-0.009176661,,,
2.238,-0.009176661,,,
2.24,-0.009176661,,,
2.242,-0.009176661,,,
2.244,-0.002905854,,,
2.246,-0.002905854,-0.077845271,0.34972549,0.138465975
2.248,-0.009176661,,,
2.25,-0.009176661,,,
2.252,-0.009176661,,,
2.254,-0.009176661,,,
2.256,-0.009176661,,,
2.258,-0.009176661,,,
2.26,-0.002905854,,,
2.262,-0.002905854,,,
2.264,-0.002905854,,,
2.266,-0.002905854,,,
2.268,-0.009176661,,,
2.27,-0.009176661,,,
2.272,-0.002905854,,,
2.274,-0.002905854,,,
2.276,-0.002905854,,,
2.278,-0.002905854,,,
2.28,-0.002905854,-0.064674071,0.345690196,-0.324735679
2.282,-0.002905854,,,
2.284,-0.009176661,,,
2.286,-0.002905854,,,
2.288,-0.009176661,,,
2.29,-0.002905854,,,
2.292,-0.002905854,,,
2.294,-0.002905854,,,
2.296,-0.009176661,,,
2.298,-0.009176661,,,
2.3,-0.002905854,,,
2.302,-0.002905854,,,
2.304,-0.002905854,,,
2.306,-0.002905854,,,
2.308,-0.002905854,,,
2.31,-0.009176661,,,
2.312,-0.002905854,,,
2.314,-0.002905854,-0.053972471,0.320805882,-0.392320261
2.316,-0.009176661,,,
2.318,-0.009176661,,,
2.32,-0.009176661,,,
2.322,-0.009176661,,,
2.324,-0.009176661,,,
2.326,-0.009176661,,,
2.328,-0.009176661,,,
2.33,-0.009176661,,,
2.332,-0.009176661,,,
2.334,-0.009176661,,,
2.336,-0.009176661,,,
2.338,-0.009176661,,,
2.34,-0.009176661,,,
2.342,-0.009176661,,,
2.344,-0.009176661,,,
2.346,-0.009176661,,,
2.348,-0.009176661,-0.043270871,0.314752941,-0.164840446
2.35,-0.002905854,,,
2.352,-0.009176661,,,
2.354,-0.009176661,,,
2.356,-0.009176661,,,
2.358,-0.009176661,,,
2.36,-0.009176661,,,
2.362,-0.009176661,,,
2.364,-0.002905854,,,
2.366,-0.002905854,,,
2.368,-0.009176661,,,
2.37,-0.009176661,,,
2.372,-0.009176661,,,
2.374,-0.009176661,,,
2.376,-0.009176661,,,
2.378,-0.009176661,,,
2.38,-0.002905854,,,
2.382,-0.002905854,-0.032569271,0.313407843,-0.100552672
2.384,-0.002905854,,,
2.386,-0.002905854,,,
2.388,-0.009176661,,,
2.39,-0.009176661,,,
2.392,-0.009176661,,,
2.394,-0.009176661,,,
2.396,-0.009176661,,,
2.398,-0.009176661,,,
2.4,-0.002905854,,,
2.402,-0.009176661,,,
2.404,-0.009176661,,,
2.406,-0.002905854,,,
2.408,-0.002905854,,,
2.41,-0.002905854,,,
2.412,-0.002905854,,,
2.414,-0.002905854,,,
2.416,-0.002905854,-0.021867671,0.308027451,-0.089013841
2.418,-0.009176661,,,
2.42,-0.009176661,,,
2.422,-0.009176661,,,
2.424,-0.009176661,,,
2.426,-0.009176661,,,
2.428,-0.002905854,,,
2.43,-0.002905854,,,
2.432,-0.002905854,,,
2.434,-0.009176661,,,
2.436,-0.002905854,,,
2.438,-0.002905854,,,
2.44,-0.002905854,,,
2.442,-0.002905854,,,
2.444,-0.002905854,,,
2.446,-0.009176661,,,
2.448,-0.009176661,,,
2.45,-0.002905854,-0.011714871,0.306682353,-0.062926049
2.452,-0.002905854,,,
2.454,-0.002905854,,,
2.456,-0.009176661,,,
2.458,-0.009176661,,,
2.46,-0.009176661,,,
2.462,-0.009176661,,,
2.464,-0.009176661,,,
2.466,-0.009176661,,,
2.468,-0.009176661,,,
2.47,-0.009176661,,,
2.472,-0.009176661,,,
2.474,-0.009176661,,,
2.476,-0.009176661,,,
2.478,-0.009176661,,,
2.48,-0.009176661,,,
2.482,-0.009176661,,,
2.484,-0.002905854,-0.001013271,0.305337255,-0.120824293
2.486,-0.009176661,,,
2.488,-0.009176661,,,
2.49,-0.009176661,,,
2.492,-0.009176661,,,
2.494,-0.009176661,,,
2.496,-0.009176661,,,
2.498,-0.009176661,,,
2.5,-0.009176661,,,
2.502,-0.002905854,,,
2.504,-0.009176661,,,
2.506,-0.009176661,,,
2.508,-0.009176661,,,
2.51,-0.009176661,,,
2.512,-0.002905854,,,
2.514,-0.009176661,,,
2.516,-0.009176661,,,
2.518,-0.009176661,0.009139529,0.2984948,-0.175761513
2.52,-0.009176661,,,
2.522,-0.009176661,,,
2.524,-0.009176661,,,
2.526,-0.009176661,,,
2.528,-0.009176661,,,
2.53,-0.009176661,,,
2.532,-0.009176661,,,
2.534,-0.009176661,,,
2.536,-0.009176661,,,
2.538,-0.009176661,,,
2.54,-0.009176661,,,
2.542,-0.009176661,,,
2.544,-0.002905854,,,
2.546,-0.009176661,,,
2.548,-0.009176661,,,
2.55,-0.009176661,,,
2.552,-0.002905854,0.019292329,0.291481353,-0.116948172
2.554,0.003364953,,,
2.556,-0.002905854,,,
2.558,-0.002905854,,,
2.56,-0.009176661,,,
2.562,-0.002905854,,,
2.564,-0.002905854,,,
2.566,-0.009176661,,,
2.568,-0.002905854,,,
2.57,-0.002905854,,,
2.572,-0.002905854,,,
2.574,-0.009176661,,,
2.576,-0.002905854,,,
2.578,-0.009176661,,,
2.58,-0.009176661,,,
2.582,-0.002905854,,,
2.584,-0.002905854,,,
2.586,-0.002905854,,,
2.588,-0.009176661,0.029445129,0.290155749,-0.041718802
2.59,-0.009176661,,,
2.592,-0.009176661,,,
2.594,-0.009176661,,,
2.596,-0.009176661,,,
2.598,-0.002905854,,,
2.6,-0.009176661,,,
2.602,-0.009176661,,,
2.604,-0.009176661,,,
2.606,-0.009176661,,,
2.608,-0.009176661,,,
2.61,-0.002905854,,,
2.612,-0.002905854,,,
2.614,-0.009176661,,,
2.616,-0.002905854,,,
2.618,-0.009176661,,,
2.62,-0.002905854,,,
2.622,-0.002905854,0.039597929,0.289800398,-0.02649124
2.624,-0.002905854,,,
2.626,-0.009176661,,,
2.628,-0.009176661,,,
2.63,-0.009176661,,,
2.632,-0.009176661,,,
2.634,-0.009176661,,,
2.636,-0.009176661,,,
2.638,-0.009176661,,,
2.64,-0.009176661,,,
2.642,-0.002905854,,,
2.644,-0.009176661,,,
2.646,-0.009176661,,,
2.648,-0.009176661,,,
2.65,-0.009176661,,,
2.652,-0.009176661,,,
2.654,-0.009176661,,,
2.656,-0.002905854,0.049201929,0.28785098,-0.001683215
2.658,-0.009176661,,,
2.66,-0.009176661,,,
2.662,-0.009176661,,,
2.664,-0.009176661,,,
2.666,-0.009176661,,,
2.668,-0.009176661,,,
2.67,-0.009176661,,,
2.672,-0.002905854,,,
2.674,-0.002905854,,,
2.676,-0.002905854,,,
2.678,-0.009176661,,,
2.68,-0.009176661,,,
2.682,-0.002905854,,,
2.684,-0.009176661,,,
2.686,-0.002905854,,,
2.688,-0.002905854,,,
2.69,-0.002905854,0.059080329,0.289868627,-0.004777984
2.692,-0.009176661,,,
2.694,-0.009176661,,,
2.696,-0.009176661,,,
2.698,-0.002905854,,,
2.7,-0.002905854,,,
2.702,-0.002905854,,,
2.704,-0.009176661,,,
2.706,-0.002905854,,,
2.708,-0.009176661,,,
2.71,-0.009176661,,,
2.712,-0.009176661,,,
2.714,-0.009176661,,,
2.716,-0.002905854,,,
2.718,-0.002905854,,,
2.72,-0.002905854,,,
2.722,-0.002905854,,,
2.724,-0.002905854,0.068958729,0.289196078,-0.100552672
2.726,-0.009176661,,,
2.728,-0.002905854,,,
2.73,-0.002905854,,,
2.732,-0.002905854,,,
2.734,-0.002905854,,,
2.736,-0.002905854,,,
2.738,-0.009176661,,,
2.74,-0.009176661,,,
2.742,-0.002905854,,,
2.744,-0.002905854,,,
2.746,-0.002905854,,,
2.748,-0.009176661,,,
2.75,-0.002905854,,,
2.752,-0.009176661,,,
2.754,-0.002905854,,,
2.756,-0.002905854,,,
2.758,-0.002905854,0.078837129,0.282470588,-0.154950019
2.76,-0.002905854,,,
2.762,-0.002905854,,,
2.764,-0.002905854,,,
2.766,-0.009176661,,,
2.768,-0.009176661,,,
2.77,-0.002905854,,,
2.772,-0.009176661,,,
2.774,-0.002905854,,,
2.776,-0.002905854,,,
2.778,-0.009176661,,,
2.78,-0.009176661,,,
2.782,-0.009176661,,,
2.784,-0.009176661,,,
2.786,-0.009176661,,,
2.788,-0.002905854,,,
2.79,-0.002905854,,,
2.792,-0.002905854,0.088166729,0.276417647,-0.07747501
2.794,-0.009176661,,,
2.796,-0.009176661,,,
2.798,-0.009176661,,,
2.8,-0.009176661,,,
2.802,-0.009176661,,,
2.804,-0.009176661,,,
2.806,-0.002905854,,,
2.808,-0.009176661,,,
2.81,-0.009176661,,,
2.812,-0.009176661,,,
2.814,-0.009176661,,,
2.816,-0.009176661,,,
2.818,-0.002905854,,,
2.82,-0.009176661,,,
2.822,-0.009176661,,,
2.824,-0.002905854,,,
2.826,-0.009176661,0.097496329,0.277762745,-0.052748943
2.828,-0.009176661,,,
2.83,-0.009176661,,,
2.832,-0.009176661,,,
2.834,-0.009176661,,,
2.836,-0.009176661,,,
2.838,-0.002905854,,,
2.84,-0.009176661,,,
2.842,-0.009176661,,,
2.844,-0.009176661,,,
2.846,-0.009176661,,,
2.848,-0.009176661,,,
2.85,-0.009176661,,,
2.852,-0.009176661,,,
2.854,-0.009176661,,,
2.856,-0.015447469,,,
2.858,-0.009176661,,,
2.86,-0.009176661,0.107100329,0.276417647,-0.319790465
2.862,-0.009176661,,,
2.864,-0.009176661,,,
2.866,-0.009176661,,,
2.868,-0.009176661,,,
2.87,-0.009176661,,,
2.872,-0.015447469,,,
2.874,-0.009176661,,,
2.876,-0.009176661,,,
2.878,-0.009176661,,,
2.88,-0.009176661,,,
2.882,-0.009176661,,,
2.884,-0.009176661,,,
2.886,-0.009176661,,,
2.888,-0.009176661,,,
2.89,-0.002905854,,,
2.892,-0.002905854,,,
2.894,-0.009176661,0.116429929,0.26094902,-0.987394271
2.896,-0.009176661,,,
2.898,-0.009176661,,,
2.9,-0.009176661,,,
2.902,-0.009176661,,,
2.904,-0.015447469,,,
2.906,-0.009176661,,,
2.908,-0.009176661,,,
2.91,-0.015447469,,,
2.912,-0.009176661,,,
2.914,-0.009176661,,,
2.916,-0.009176661,,,
2.918,-0.015447469,,,
2.92,-0.009176661,,,
2.922,-0.009176661,,,
2.924,-0.009176661,,,
2.926,-0.009176661,,,
2.928,-0.002905854,0.125210729,0.213198039,-1.846212995
2.93,-0.009176661,,,
2.932,-0.009176661,,,
2.934,-0.009176661,,,
2.936,-0.009176661,,,
2.938,-0.002905854,,,
2.94,-0.009176661,,,
2.942,-0.009176661,,,
2.944,-0.009176661,,,
2.946,-0.009176661,,,
2.948,-0.002905854,,,
2.95,-0.009176661,,,
2.952,-0.009176661,,,
2.954,-0.002905854,,,
2.956,-0.002905854,,,
2.958,-0.009176661,,,
2.96,-0.002905854,,,
2.962,-0.002905854,0.131521929,0.127784314,-2.093473664
2.964,-0.009176661,,,
2.966,-0.002905854,,,
2.968,-0.002905854,,,
2.97,-0.009176661,,,
2.972,-0.009176661,,,
2.974,-0.009176661,,,
2.976,-0.009176661,,,
2.978,-0.009176661,,,
2.98,-0.002905854,,,
2.982,-0.009176661,,,
2.984,-0.009176661,,,
2.986,-0.009176661,,,
2.988,-0.009176661,,,
2.99,-0.009176661,,,
2.992,-0.009176661,,,
2.994,-0.002905854,,,
2.996,-0.002905854,0.133717129,0.055821569,-1.318723568
2.998,-0.009176661,,,
3,-0.009176661,,,
3.002,-0.009176661,,,
3.004,-0.009176661,,,
3.006,-0.009176661,,,
3.008,-0.009176661,,,
3.01,-0.002905854,,,
3.012,-0.009176661,,,
3.014,-0.002905854,,,
3.016,-0.002905854,,,
3.018,-0.009176661,,,
3.02,-0.009176661,,,
3.022,-0.009176661,,,
3.024,-0.002905854,,,
3.026,-0.002905854,,,
3.028,-0.002905854,,,
3.03,-0.002905854,0.134540329,0.036317647,-0.375836217
3.032,-0.002905854,,,
3.034,-0.002905854,,,
3.036,-0.002905854,,,
3.038,-0.002905854,,,
3.04,-0.002905854,,,
3.042,-0.009176661,,,
3.044,-0.009176661,,,
3.046,-0.009176661,,,
3.048,-0.009176661,,,
3.05,-0.002905854,,,
3.052,-0.002905854,,,
3.054,-0.002905854,,,
3.056,-0.002905854,,,
3.058,-0.002905854,,,
3.06,-0.009176661,,,
3.062,-0.002905854,,,
3.064,-0.002905854,0.135912329,0.04102549,-0.130223952
3.066,-0.002905854,,,
3.068,-0.009176661,,,
3.07,-0.002905854,,,
3.072,-0.009176661,,,
3.074,-0.009176661,,,
3.076,-0.009176661,,,
3.078,-0.009176661,,,
3.08,-0.009176661,,,
3.082,-0.002905854,,,
3.084,-0.009176661,,,
3.086,-0.002905854,,,
3.088,-0.009176661,,,
3.09,-0.009176661,,,
3.092,-0.009176661,,,
3.094,-0.002905854,,,
3.096,0.003364953,,,
3.098,-0.002905854,0.137558729,0.033627451,-0.367594195
3.1,-0.009176661,,,
3.102,-0.009176661,,,
3.104,-0.009176661,,,
3.106,-0.009176661,,,
3.108,-0.009176661,,,
3.11,-0.002905854,,,
3.112,-0.002905854,,,
3.114,-0.002905854,,,
3.116,-0.002905854,,,
3.118,-0.002905854,,,
3.12,-0.002905854,,,
3.122,-0.002905854,,,
3.124,-0.002905854,,,
3.126,-0.002905854,,,
3.128,-0.002905854,,,
3.13,-0.002905854,,,
3.132,-0.002905854,0.138381929,0.01345098,-0.501114956
3.134,-0.009176661,,,
3.136,-0.009176661,,,
3.138,-0.002905854,,,
3.14,-0.002905854,,,
3.142,-0.002905854,,,
3.144,-0.002905854,,,
3.146,-0.002905854,,,
3.148,-0.002905854,,,
3.15,-0.002905854,,,
3.152,-0.002905854,,,
3.154,-0.002905854,,,
3.156,-0.002905854,,,
3.158,-0.009176661,,,
3.16,-0.009176661,,,
3.162,-0.002905854,,,
3.164,-0.002905854,,,
3.166,-0.002905854,0.138381929,-0.003362745,-0.421991542
3.168,-0.002905854,,,
3.17,-0.002905854,,,
3.172,-0.002905854,,,
3.174,-0.009176661,,,
3.176,-0.009176661,,,
3.178,-0.009176661,,,
3.18,-0.002905854,,,
3.182,-0.002905854,,,
3.184,-0.002905854,,,
3.186,-0.002905854,,,
3.188,-0.002905854,,,
3.19,-0.009176661,,,
3.192,-0.009176661,,,
3.194,-0.002905854,,,
3.196,-0.002905854,,,
3.198,-0.002905854,,,
3.2,-0.002905854,0.138107529,-0.015468627,-0.285173972
3.202,-0.002905854,,,
3.204,-0.002905854,,,
3.206,-0.009176661,,,
3.208,-0.002905854,,,
3.21,-0.002905854,,,
3.212,-0.002905854,,,
3.214,-0.002905854,,,
3.216,-0.002905854,,,
3.218,-0.002905854,,,
3.22,-0.009176661,,,
3.222,-0.002905854,,,
3.224,-0.002905854,,,
3.226,-0.002905854,,,
3.228,-0.002905854,,,
3.23,-0.002905854,,,
3.232,-0.002905854,,,
3.234,-0.002905854,0.137284329,-0.022866667,-0.156598424
3.236,-0.009176661,,,
3.238,-0.002905854,,,
3.24,-0.002905854,,,
3.242,-0.002905854,,,
3.244,-0.002905854,,,
3.246,-0.002905854,,,
3.248,-0.002905854,,,
3.25,-0.009176661,,,
3.252,-0.002905854,,,
3.254,-0.002905854,,,
3.256,-0.002905854,,,
3.258,-0.002905854,,,
3.26,-0.002905854,,,
3.262,-0.002905854,,,
3.264,-0.002905854,,,
3.266,-0.002905854,,,
3.268,-0.002905854,0.136461129,-0.024884314,-0.12198193
3.27,-0.002905854,,,
3.272,-0.002905854,,,
3.274,-0.009176661,,,
3.276,-0.002905854,,,
3.278,-0.009176661,,,
3.28,-0.009176661,,,
3.282,-0.009176661,,,
3.284,-0.009176661,,,
3.286,-0.002905854,,,
3.288,-0.002905854,,,
3.29,-0.009176661,,,
3.292,-0.009176661,,,
3.294,-0.009176661,,,
3.296,-0.009176661,,,
3.298,-0.002905854,,,
3.3,-0.002905854,,,
3.302,-0.002905854,0.135637929,-0.029592157,-0.173082468
3.304,-0.009176661,,,
3.306,-0.009176661,,,
3.308,-0.009176661,,,
3.31,-0.009176661,,,
3.312,-0.009176661,,,
3.314,-0.009176661,,,
3.316,-0.009176661,,,
3.318,-0.009176661,,,
3.32,-0.009176661,,,
3.322,-0.009176661,,,
3.324,-0.009176661,,,
3.326,-0.009176661,,,
3.328,-0.009176661,,,
3.33,-0.002905854,,,
3.332,-0.009176661,,,
3.334,-0.002905854,,,
3.336,-0.009176661,0.134540329,-0.038335294,-0.126927143
3.338,-0.009176661,,,
3.34,-0.009176661,,,
3.342,-0.009176661,,,
3.344,-0.009176661,,,
3.346,-0.002905854,,,
3.348,-0.009176661,,,
3.35,-0.009176661,,,
3.352,-0.009176661,,,
3.354,-0.009176661,,,
3.356,-0.002905854,,,
3.358,-0.002905854,,,
3.36,-0.002905854,,,
3.362,-0.002905854,,,
3.364,-0.009176661,,,
3.366,-0.009176661,,,
3.368,-0.002905854,,,
3.37,-0.002905854,0.132893929,-0.039680392,0.018132449
3.372,-0.009176661,,,
3.374,-0.009176661,,,
3.376,-0.009176661,,,
3.378,-0.009176661,,,
3.38,-0.009176661,,,
3.382,-0.009176661,,,
3.384,-0.009176661,,,
3.386,-0.009176661,,,
3.388,-0.009176661,,,
3.39,-0.002905854,,,
3.392,-0.002905854,,,
3.394,-0.009176661,,,
3.396,-0.009176661,,,
3.398,-0.009176661,,,
3.4,-0.009176661,,,
3.402,-0.002905854,,,
3.404,-0.002905854,0.131796329,-0.036317647,0.145059592
3.406,-0.009176661,,,
3.408,-0.009176661,,,
3.41,-0.009176661,,,
3.412,-0.002905854,,,
3.414,-0.002905854,,,
3.416,-0.002905854,,,
3.418,-0.002905854,,,
3.42,-0.002905854,,,
3.422,-0.002905854,,,
3.424,-0.009176661,,,
3.426,-0.002905854,,,
3.428,-0.009176661,,,
3.43,-0.002905854,,,
3.432,-0.002905854,,,
3.434,-0.002905854,,,
3.436,-0.002905854,,,
3.438,-0.002905854,0.130424329,-0.030264706,0.278580354
3.44,-0.002905854,,,
3.442,-0.002905854,,,
3.444,-0.009176661,,,
3.446,-0.002905854,,,
3.448,-0.002905854,,,
3.45,-0.002905854,,,
3.452,-0.009176661,,,
3.454,-0.009176661,,,
3.456,-0.002905854,,,
3.458,-0.002905854,,,
3.46,-0.002905854,,,
3.462,-0.002905854,,,
3.464,0.003364953,,,
3.466,-0.002905854,,,
3.468,-0.002905854,,,
3.47,-0.002905854,,,
3.472,-0.002905854,0.129601129,-0.016813725,0.362648981
3.474,-0.002905854,,,
3.476,-0.002905854,,,
3.478,-0.002905854,,,
3.48,-0.002905854,,,
3.482,-0.009176661,,,
3.484,-0.002905854,,,
3.486,-0.002905854,,,
3.488,-0.002905854,,,
3.49,-0.002905854,,,
3.492,-0.002905854,,,
3.494,-0.002905854,,,
3.496,-0.002905854,,,
3.498,-0.009176661,,,
3.5,-0.009176661,,,
3.502,-0.002905854,,,
3.504,0.003364953,,,
3.506,-0.002905854,0.129326729,-0.004035294,0.329680892
3.508,-0.002905854,,,
3.51,-0.002905854,,,
3.512,-0.009176661,,,
3.514,-0.002905854,,,
3.516,-0.002905854,,,
3.518,-0.002905854,,,
3.52,-0.002905854,,,
3.522,-0.002905854,,,
3.524,-0.002905854,,,
3.526,-0.009176661,,,
3.528,-0.009176661,,,
3.53,-0.009176661,,,
3.532,-0.002905854,,,
3.534,-0.002905854,,,
3.536,-0.002905854,,,
3.538,-0.002905854,,,
3.54,-0.002905854,0.129326729,0.00672549,0.194511726
3.542,-0.009176661,,,
3.544,-0.002905854,,,
3.546,-0.002905854,,,
3.548,-0.009176661,,,
3.55,-0.009176661,,,
3.552,-0.002905854,,,
3.554,-0.009176661,,,
3.556,-0.009176661,,,
3.558,-0.002905854,,,
3.56,-0.009176661,,,
3.562,-0.002905854,,,
3.564,-0.002905854,,,
3.566,-0.002905854,,,
3.568,-0.002905854,,,
3.57,-0.002905854,,,
3.572,-0.002905854,,,
3.574,-0.002905854,0.129875529,0.010088235,0.019780854
3.576,-0.002905854,,,
3.578,-0.009176661,,,
3.58,-0.002905854,,,
3.582,-0.002905854,,,
3.584,-0.009176661,,,
3.586,-0.009176661,,,
3.588,-0.009176661,,,
3.59,-0.009176661,,,
3.592,-0.009176661,,,
3.594,-0.002905854,,,
3.596,-0.009176661,,,
3.598,-0.009176661,,,
3.6,-0.009176661,,,
3.602,-0.002905854,,,
3.604,-0.002905854,,,
3.606,0.003364953,,,
3.608,-0.002905854,0.130149929,0.006052941,-0.041210111
3.61,-0.002905854,,,
3.612,-0.002905854,,,
3.614,-0.009176661,,,
3.616,-0.002905854,,,
3.618,-0.002905854,,,
3.62,0.003364953,,,
3.622,0.003364953,,,
3.624,-0.002905854,,,
3.626,-0.002905854,,,
3.628,-0.009176661,,,
3.63,-0.002905854,,,
3.632,-0.009176661,,,
3.634,-0.002905854,,,
3.636,-0.002905854,,,
3.638,-0.002905854,,,
3.64,-0.002905854,,,
3.642,-0.002905854,0.130149929,0.00672549,-0.057694156
3.644,-0.002905854,,,
3.646,-0.002905854,,,
3.648,-0.002905854,,,
3.65,-0.002905854,,,
3.652,-0.002905854,,,
3.654,-0.002905854,,,
3.656,-0.002905854,,,
3.658,-0.002905854,,,
3.66,-0.009176661,,,
3.662,-0.002905854,,,
3.664,-0.002905854,,,
3.666,-0.002905854,,,
3.668,-0.002905854,,,
3.67,-0.002905854,,,
3.672,-0.002905854,,,
3.674,0.003364953,,,
3.676,-0.002905854,0.130698729,0.003362745,-0.117036717
3.678,-0.002905854,,,
3.68,-0.002905854,,,
3.682,0.003364953,,,
3.684,-0.002905854,,,
3.686,-0.002905854,,,
3.688,-0.009176661,,,
3.69,-0.002905854,,,
3.692,-0.002905854,,,
3.694,-0.002905854,,,
3.696,-0.002905854,,,
3.698,-0.002905854,,,
3.7,-0.002905854,,,
3.702,-0.002905854,,,
3.704,-0.002905854,,,
3.706,-0.002905854,,,
3.708,0.003364953,,,
3.71,-0.002905854,0.130424329,-0.002690196,-0.097255863
3.712,-0.002905854,,,
3.714,-0.002905854,,,
3.716,-0.009176661,,,
3.718,-0.002905854,,,
3.72,-0.002905854,,,
3.722,-0.002905854,,,
3.724,-0.002905854,,,
3.726,-0.002905854,,,
3.728,-0.002905854,,,
3.73,-0.002905854,,,
3.732,-0.002905854,,,
3.734,-0.002905854,,,
3.736,-0.002905854,,,
3.738,-0.002905854,,,
3.74,-0.002905854,,,
3.742,-0.002905854,,,
3.744,-0.002905854,0.130424329,-0.004035294,-0.016484045
3.746,-0.002905854,,,
3.748,-0.002905854,,,
3.75,-0.002905854,,,
3.752,-0.002905854,,,
3.754,-0.002905854,,,
3.756,-0.002905854,,,
3.758,-0.002905854,,,
3.76,-0.002905854,,,
3.762,-0.002905854,,,
3.764,-0.002905854,,,
3.766,-0.002905854,,,
3.768,-0.002905854,,,
3.77,-0.002905854,,,
3.772,-0.002905854,,,
3.774,-0.002905854,,,
3.776,0.003364953,,,
3.778,-0.002905854,0.130149929,-0.003362745,0.041210111
3.78,-0.002905854,,,
3.782,-0.002905854,,,
3.784,-0.009176661,,,
3.786,-0.009176661,,,
3.788,-0.009176661,,,
3.79,-0.009176661,,,
3.792,-0.002905854,,,
3.794,-0.002905854,,,
3.796,-0.009176661,,,
3.798,-0.002905854,,,
3.8,-0.009176661,,,
3.802,-0.009176661,,,
3.804,-0.002905854,,,
3.806,-0.002905854,,,
3.808,-0.002905854,,,
3.81,-0.002905854,,,
3.812,-0.002905854,0.130149929,-0.000672549,0.057694156
3.814,-0.009176661,,,
3.816,-0.009176661,,,
3.818,-0.002905854,,,
3.82,-0.002905854,,,
3.822,-0.002905854,,,
3.824,-0.002905854,,,
3.826,-0.002905854,,,
3.828,-0.009176661,,,
3.83,-0.009176661,,,
3.832,-0.002905854,,,
3.834,-0.009176661,,,
3.836,-0.002905854,,,
3.838,-0.002905854,,,
3.84,-0.009176661,,,
3.842,-0.009176661,,,
3.844,-0.002905854,,,
3.846,-0.009176661,0.130149929,0.000672549,0.054397347
3.848,-0.009176661,,,
3.85,-0.009176661,,,
3.852,-0.009176661,,,
3.854,-0.009176661,,,
3.856,-0.009176661,,,
3.858,-0.009176661,,,
3.86,-0.009176661,,,
3.862,-0.009176661,,,
3.864,-0.009176661,,,
3.866,-0.002905854,,,
3.868,-0.009176661,,,
3.87,-0.002905854,,,
3.872,-0.009176661,,,
3.874,-0.009176661,,,
3.876,-0.009176661,,,
3.878,-0.009176661,,,
3.88,-0.002905854,0.130149929,0.003362745,0.01483564
3.882,-0.002905854,,,
3.884,-0.009176661,,,
3.886,-0.009176661,,,
3.888,-0.009176661,,,
3.89,-0.002905854,,,
3.892,-0.009176661,,,
3.894,-0.002905854,,,
3.896,-0.002905854,,,
3.898,-0.002905854,,,
3.9,-0.002905854,,,
3.902,-0.009176661,,,
3.904,-0.002905854,,,
3.906,-0.002905854,,,
3.908,-0.002905854,,,
3.91,-0.002905854,,,
3.912,-0.002905854,,,
3.914,-0.002905854,0.130424329,0.002690196,-0.067584583
3.916,-0.009176661,,,
3.918,-0.009176661,,,
3.92,-0.002905854,,,
3.922,-0.002905854,,,
3.924,-0.002905854,,,
3.926,-0.002905854,,,
3.928,-0.002905854,,,
3.93,-0.002905854,,,
3.932,-0.009176661,,,
3.934,-0.009176661,,,
3.936,-0.002905854,,,
3.938,-0.002905854,,,
3.94,-0.009176661,,,
3.942,-0.002905854,,,
3.944,-0.002905854,,,
3.946,-0.002905854,,,
3.948,-0.002905854,0.130424329,-0.002690196,-0.057694156
3.95,-0.002905854,,,
3.952,-0.002905854,,,
3.954,-0.002905854,,,
3.956,-0.002905854,,,
3.958,-0.002905854,,,
3.96,-0.002905854,,,
3.962,-0.002905854,,,
3.964,-0.002905854,,,
3.966,-0.002905854,,,
3.968,-0.002905854,,,
3.97,-0.002905854,,,
3.972,-0.009176661,,,
3.974,-0.009176661,,,
3.976,-0.009176661,,,
3.978,-0.009176661,,,
3.98,-0.002905854,,,
3.982,-0.002905854,0.130149929,-0.002690196,0.026374471
3.984,-0.002905854,,,
3.986,-0.002905854,,,
3.988,-0.002905854,,,
3.99,-0.002905854,,,
3.992,-0.002905854,,,
3.994,-0.002905854,,,
3.996,-0.002905854,,,
3.998,-0.002905854,,,
4,-0.002905854,,,
4.002,-0.002905854,,,
4.004,-0.009176661,,,
4.006,-0.009176661,,,
4.008,-0.002905854,,,
4.01,-0.002905854,,,
4.012,-0.009176661,,,
4.014,-0.009176661,,,
4.016,-0.002905854,0.130149929,0.001345098,-1.09E-14
4.018,-0.009176661,,,
4.02,-0.009176661,,,
4.022,-0.009176661,,,
4.024,-0.002905854,,,
4.026,-0.002905854,,,
4.028,-0.002905854,,,
4.03,-0.009176661,,,
4.032,-0.009176661,,,
4.034,-0.009176661,,,
4.036,-0.002905854,,,
4.038,-0.009176661,,,
4.04,-0.002905854,,,
4.042,-0.002905854,,,
4.044,-0.002905854,,,
4.046,-0.009176661,,,
4.048,-0.002905854,,,
4.05,-0.009176661,0.130424329,-0.002690196,-0.026374471
4.052,-0.009176661,,,
4.054,-0.002905854,,,
4.056,-0.002905854,,,
4.058,-0.002905854,,,
4.06,-0.002905854,,,
4.062,-0.009176661,,,
4.064,-0.009176661,,,
4.066,-0.009176661,,,
4.068,-0.002905854,,,
4.07,-0.009176661,,,
4.072,-0.009176661,,,
4.074,-0.009176661,,,
4.076,-0.009176661,,,
4.078,-0.009176661,,,
4.08,-0.009176661,,,
4.082,-0.002905854,,,
4.084,-0.002905854,0.129875529,-0.002690196,0.059342561
4.086,-0.002905854,,,
4.088,-0.009176661,,,
4.09,-0.009176661,,,
4.092,-0.009176661,,,
4.094,-0.002905854,,,
4.096,-0.002905854,,,
4.098,-0.002905854,,,
4.1,-0.002905854,,,
4.102,-0.009176661,,,
4.104,-0.009176661,,,
4.106,-0.009176661,,,
4.108,-0.002905854,,,
4.11,-0.002905854,,,
4.112,-0.002905854,,,
4.114,-0.002905854,,,
4.116,0.003364953,,,
4.118,0.003364953,0.130149929,0.002690196,0.079123414
4.12,-0.002905854,,,
4.122,-0.009176661,,,
4.124,-0.002905854,,,
4.126,-0.002905854,,,
4.128,-0.002905854,,,
4.13,-0.002905854,,,
4.132,-0.002905854,,,
4.134,-0.009176661,,,
4.136,-0.009176661,,,
4.138,-0.009176661,,,
4.14,-0.002905854,,,
4.142,-0.002905854,,,
4.144,-0.002905854,,,
4.146,-0.002905854,,,
4.148,-0.002905854,,,
4.15,-0.002905854,,,
4.152,-0.002905854,0.130149929,0.004035294,-1.03E-14
4.154,-0.002905854,,,
4.156,-0.002905854,,,
4.158,-0.009176661,,,
4.16,-0.009176661,,,
4.162,-0.002905854,,,
4.164,-0.009176661,,,
4.166,-0.002905854,,,
4.168,-0.002905854,,,
4.17,-0.002905854,,,
4.172,-0.002905854,,,
4.174,-0.009176661,,,
4.176,-0.002905854,,,
4.178,-0.002905854,,,
4.18,-0.002905854,,,
4.182,-0.002905854,,,
4.184,-0.002905854,,,
4.186,-0.002905854,0.130424329,0.002690196,-0.080771819
4.188,-0.009176661,,,
4.19,-0.009176661,,,
4.192,-0.009176661,,,
4.194,-0.009176661,,,
4.196,-0.002905854,,,
4.198,-0.009176661,,,
4.2,-0.002905854,,,
4.202,-0.009176661,,,
4.204,-0.009176661,,,
4.206,-0.009176661,,,
4.208,-0.009176661,,,
4.21,-0.009176661,,,
4.212,-0.009176661,,,
4.214,-0.002905854,,,
4.216,-0.002905854,,,
4.218,-0.002905854,,,
4.22,-0.002905854,0.130424329,-0.002690196,-0.069232987
4.222,-0.009176661,,,
4.224,-0.009176661,,,
4.226,-0.009176661,,,
4.228,-0.002905854,,,
4.23,-0.002905854,,,
4.232,-0.009176661,,,
4.234,-0.002905854,,,
4.236,-0.002905854,,,
4.238,-0.009176661,,,
4.24,-0.002905854,,,
4.242,-0.009176661,,,
4.244,-0.002905854,,,
4.246,-0.002905854,,,
4.248,-0.002905854,,,
4.25,-0.002905854,,,
4.252,-0.002905854,,,
4.254,-0.002905854,0.130149929,-0.003362745,0.026374471
4.256,-0.002905854,,,
4.258,-0.002905854,,,
4.26,-0.002905854,,,
4.262,-0.002905854,,,
4.264,-0.002905854,,,
4.266,-0.009176661,,,
4.268,-0.002905854,,,
4.27,-0.009176661,,,
4.272,-0.002905854,,,
4.274,-0.002905854,,,
4.276,-0.002905854,,,
4.278,-0.002905854,,,
4.28,-0.009176661,,,
4.282,-0.009176661,,,
4.284,-0.009176661,,,
4.286,-0.002905854,,,
4.288,-0.002905854,0.130149929,0,0.065936178
4.29,-0.009176661,,,
4.292,-0.002905854,,,
4.294,-0.002905854,,,
4.296,-0.009176661,,,
4.298,-0.009176661,,,
4.3,-0.009176661,,,
4.302,-0.002905854,,,
4.304,-0.002905854,,,
4.306,-0.002905854,,,
4.308,-0.009176661,,,
4.31,-0.002905854,,,
4.312,-0.009176661,,,
4.314,-0.009176661,,,
4.316,-0.002905854,,,
4.318,-0.002905854,,,
4.32,-0.002905854,,,
4.322,-0.002905854,0.130149929,0.002690196,0.001648404
4.324,-0.009176661,,,
4.326,-0.009176661,,,
4.328,-0.009176661,,,
4.33,-0.009176661,,,
4.332,-0.009176661,,,
4.334,-0.002905854,,,
4.336,-0.002905854,,,
4.338,-0.002905854,,,
4.34,-0.002905854,,,
4.342,-0.009176661,,,
4.344,-0.009176661,,,
4.346,-0.002905854,,,
4.348,-0.002905854,,,
4.35,-0.002905854,,,
4.352,-0.002905854,,,
4.354,0.003364953,,,
4.356,-0.002905854,0.130424329,0,-0.052748943
4.358,-0.002905854,,,
4.36,-0.002905854,,,
4.362,-0.002905854,,,
4.364,-0.002905854,,,
4.366,-0.002905854,,,
4.368,-0.002905854,,,
4.37,-0.009176661,,,
4.372,-0.009176661,,,
4.374,-0.002905854,,,
4.376,-0.009176661,,,
4.378,-0.009176661,,,
4.38,-0.002905854,,,
4.382,-0.009176661,,,
4.384,-0.009176661,,,
4.386,-0.009176661,,,
4.388,-0.002905854,,,
4.39,-0.002905854,0.130149929,-0.002690196,-0.001648404
4.392,-0.009176661,,,
4.394,-0.009176661,,,
4.396,-0.009176661,,,
4.398,-0.009176661,,,
4.4,-0.009176661,,,
4.402,-0.009176661,,,
4.404,-0.009176661,,,
4.406,-0.009176661,,,
4.408,-0.002905854,,,
4.41,-0.009176661,,,
4.412,-0.009176661,,,
4.414,-0.002905854,,,
4.416,-0.002905854,,,
4.418,-0.009176661,,,
4.42,-0.002905854,,,
4.422,-0.002905854,,,
4.424,-0.002905854,0.130149929,0,0.039561707
4.426,-0.002905854,,,
4.428,-0.009176661,,,
4.43,-0.009176661,,,
4.432,-0.002905854,,,
4.434,-0.009176661,,,
4.436,-0.002905854,,,
4.438,-0.002905854,,,
4.44,-0.002905854,,,
4.442,-0.002905854,,,
4.444,-0.002905854,,,
4.446,-0.002905854,,,
4.448,-0.002905854,,,
4.45,-0.002905854,,,
4.452,0.003364953,,,
4.454,-0.002905854,,,
4.456,-0.002905854,,,
4.458,-0.002905854,0.130149929,0.002017647,-0.026374471
4.46,-0.002905854,,,
4.462,-0.009176661,,,
4.464,-0.002905854,,,
4.466,-0.002905854,,,
4.468,-0.009176661,,,
4.47,-0.009176661,,,
4.472,-0.009176661,,,
4.474,-0.009176661,,,
4.476,-0.009176661,,,
4.478,-0.002905854,,,
4.48,-0.002905854,,,
4.482,-0.002905854,,,
4.484,-0.002905854,,,
4.486,-0.002905854,,,
4.488,-0.002905854,,,
4.49,0.003364953,,,
4.492,-0.002905854,0.130424329,-0.002690196,-0.039561707
4.494,-0.002905854,,,
4.496,-0.002905854,,,
4.498,-0.002905854,,,
4.5,-0.002905854,,,
4.502,-0.002905854,,,
4.504,-0.009176661,,,
4.506,-0.002905854,,,
4.508,-0.002905854,,,
4.51,-0.002905854,,,
4.512,-0.002905854,,,
4.514,-0.002905854,,,
4.516,-0.002905854,,,
4.518,-0.002905854,,,
4.52,-0.002905854,,,
4.522,-0.002905854,,,
4.524,0.003364953,,,
4.526,-0.002905854,0.129875529,-0.002690196,0.057694156
4.528,-0.009176661,,,
4.53,-0.002905854,,,
4.532,-0.009176661,,,
4.534,-0.009176661,,,
4.536,-0.002905854,,,
4.538,-0.002905854,,,
4.54,-0.002905854,,,
4.542,-0.002905854,,,
4.544,-0.002905854,,,
4.546,-0.009176661,,,
4.548,-0.002905854,,,
4.55,-0.002905854,,,
4.552,-0.002905854,,,
4.554,-0.009176661,,,
4.556,-0.009176661,,,
4.558,-0.009176661,,,
4.56,-0.009176661,0.130149929,0.002690196,0.079123414
4.562,-0.009176661,,,
4.564,-0.009176661,,,
4.566,-0.009176661,,,
4.568,-0.009176661,,,
4.57,-0.009176661,,,
4.572,-0.009176661,,,
4.574,-0.009176661,,,
4.576,-0.009176661,,,
4.578,-0.002905854,,,
4.58,-0.002905854,,,
4.582,-0.009176661,,,
4.584,-0.002905854,,,
4.586,-0.009176661,,,
4.588,-0.009176661,,,
4.59,-0.002905854,,,
4.592,-0.002905854,,,
4.594,-0.002905854,0.130149929,0.004035294,-1.03E-14
4.596,-0.002905854,,,
4.598,-0.002905854,,,
4.6,-0.002905854,,,
4.602,-0.002905854,,,
4.604,-0.002905854,,,
4.606,-0.002905854,,,
4.608,-0.002905854,,,
4.61,-0.002905854,,,
4.612,-0.002905854,,,
4.614,-0.002905854,,,
4.616,-0.002905854,,,
4.618,-0.002905854,,,
4.62,-0.002905854,,,
4.622,-0.002905854,,,
4.624,-0.002905854,,,
4.626,0.003364953,,,
4.628,-0.002905854,0.130424329,0.002690196,-0.080771819
4.63,-0.002905854,,,
4.632,-0.002905854,,,
4.634,-0.002905854,,,
4.636,-0.002905854,,,
4.638,-0.002905854,,,
4.64,-0.002905854,,,
4.642,-0.002905854,,,
4.644,-0.002905854,,,
4.646,-0.009176661,,,
4.648,-0.002905854,,,
4.65,-0.002905854,,,
4.652,-0.002905854,,,
4.654,-0.002905854,,,
4.656,-0.002905854,,,
4.658,-0.002905854,,,
4.66,-0.002905854,,,
4.662,-0.002905854,0.130424329,-0.002690196,-0.069232987
4.664,-0.002905854,,,
4.666,-0.002905854,,,
4.668,-0.002905854,,,
4.67,-0.002905854,,,
4.672,-0.002905854,,,
4.674,-0.002905854,,,
4.676,-0.002905854,,,
4.678,-0.002905854,,,
4.68,-0.002905854,,,
4.682,-0.002905854,,,
4.684,-0.009176661,,,
4.686,-0.002905854,,,
4.688,-0.009176661,,,
4.69,-0.009176661,,,
4.692,-0.002905854,,,
4.694,-0.002905854,,,
4.696,-0.002905854,0.130149929,-0.003362745,0.026374471
4.698,-0.009176661,,,
4.7,-0.002905854,,,
4.702,-0.009176661,,,
4.704,-0.009176661,,,
4.706,-0.009176661,,,
4.708,-0.009176661,,,
4.71,-0.002905854,,,
4.712,-0.009176661,,,
4.714,-0.009176661,,,
4.716,-0.009176661,,,
4.718,-0.009176661,,,
4.72,-0.009176661,,,
4.722,-0.009176661,,,
4.724,-0.002905854,,,
4.726,-0.002905854,,,
4.728,-0.002905854,,,
4.73,-0.009176661,0.130149929,0,0.065936178
4.732,-0.009176661,,,
4.734,-0.009176661,,,
4.736,-0.009176661,,,
4.738,-0.009176661,,,
4.74,-0.002905854,,,
4.742,-0.009176661,,,
4.744,-0.009176661,,,
4.746,-0.009176661,,,
4.748,-0.009176661,,,
4.75,-0.009176661,,,
4.752,-0.009176661,,,
4.754,-0.009176661,,,
4.756,-0.009176661,,,
4.758,-0.009176661,,,
4.76,-0.009176661,,,
4.762,-0.009176661,,,
4.764,-0.009176661,0.130149929,0.002690196,0.001648404
4.766,-0.009176661,,,
4.768,-0.009176661,,,
4.77,-0.009176661,,,
4.772,-0.009176661,,,
4.774,-0.009176661,,,
4.776,-0.009176661,,,
4.778,-0.009176661,,,
4.78,-0.009176661,,,
4.782,-0.009176661,,,
4.784,-0.009176661,,,
4.786,-0.009176661,,,
4.788,-0.009176661,,,
4.79,-0.009176661,,,
4.792,-0.009176661,,,
4.794,-0.002905854,,,
4.796,-0.002905854,,,
4.798,-0.002905854,0.130424329,0,-0.052748943
4.8,-0.009176661,,,
4.802,-0.009176661,,,
4.804,-0.009176661,,,
4.806,-0.009176661,,,
4.808,-0.009176661,,,
4.81,-0.009176661,,,
4.812,-0.009176661,,,
4.814,-0.009176661,,,
4.816,-0.009176661,,,
4.818,-0.009176661,,,
4.82,-0.009176661,,,
4.822,-0.009176661,,,
4.824,-0.009176661,,,
4.826,-0.009176661,,,
4.828,-0.002905854,,,
4.83,-0.002905854,,,
4.832,-0.002905854,0.130149929,-0.002690196,0.001648404
4.834,-0.002905854,,,
4.836,-0.002905854,,,
4.838,-0.002905854,,,
4.84,-0.002905854,,,
4.842,-0.002905854,,,
4.844,-0.009176661,,,
4.846,-0.002905854,,,
4.848,-0.009176661,,,
4.85,-0.009176661,,,
4.852,-0.009176661,,,
4.854,-0.009176661,,,
4.856,-0.002905854,,,
4.858,-0.002905854,,,
4.86,-0.002905854,,,
4.862,-0.002905854,,,
4.864,-0.002905854,,,
4.866,-0.009176661,0.130149929,0,0.065936178
4.868,-0.009176661,,,
4.87,-0.009176661,,,
4.872,-0.009176661,,,
4.874,-0.009176661,,,
4.876,-0.009176661,,,
4.878,-0.002905854,,,
4.88,-0.009176661,,,
4.882,-0.009176661,,,
4.884,-0.009176661,,,
4.886,-0.002905854,,,
4.888,-0.002905854,,,
4.89,-0.009176661,,,
4.892,-0.009176661,,,
4.894,-0.009176661,,,
4.896,-0.002905854,,,
4.898,-0.002905854,,,
4.9,-0.002905854,0.130149929,0.003362745,0.026174665
4.902,-0.009176661,,,
4.904,-0.009176661,,,
4.906,-0.009176661,,,
4.908,-0.009176661,,,
4.91,-0.009176661,,,
4.912,-0.002905854,,,
4.914,-0.009176661,,,
4.916,-0.002905854,,,
4.918,-0.002905854,,,
4.92,-0.009176661,,,
4.922,-0.009176661,,,
4.924,-0.009176661,,,
4.926,-0.009176661,,,
4.928,-0.009176661,,,
4.93,-0.002905854,,,
4.932,-0.002905854,,,
4.934,-0.002905854,0.130424329,0.002690196,-0.07780976
4.936,-0.009176661,,,
4.938,-0.009176661,,,
4.94,-0.009176661,,,
4.942,-0.009176661,,,
4.944,-0.009176661,,,
4.946,-0.002905854,,,
4.948,-0.009176661,,,
4.95,-0.009176661,,,
4.952,-0.002905854,,,
4.954,-0.009176661,,,
4.956,-0.002905854,,,
4.958,-0.002905854,,,
4.96,-0.002905854,,,
4.962,-0.002905854,,,
4.964,-0.002905854,,,
4.966,-0.002905854,,,
4.968,-0.002905854,0.130424329,-0.002771717,-0.133800612
4.97,-0.002905854,,,
4.972,-0.002905854,,,
4.974,-0.002905854,,,
4.976,-0.002905854,,,
4.978,-0.002905854,,,
4.98,-0.002905854,,,
4.982,-0.009176661,,,
4.984,-0.009176661,,,
4.986,-0.009176661,,,
4.988,-0.002905854,,,
4.99,-0.002905854,,,
4.992,-0.002905854,,,
4.994,-0.002905854,,,
4.996,-0.002905854,,,
4.998,-0.002905854,,,
5,-0.002905854,0.130149929,-0.007102525,-0.139683357